SMILES,Activity
Nc1nonc1/C(=N/O)Nc1ccc(F)c(Cl)c1,4.751361255
Fc1ccc2c(/C=C/c3cccnc3)c[nH]c2c1,6.328570011
Clc1ccc2[nH]cc(/C=C/c3cccnc3)c2c1,5
Clc1ccc2c(/C=C/c3cccnc3)c[nH]c2c1,5.301029996
Clc1cccc2c(/C=C/c3cccnc3)c[nH]c12,4.387216143
c1ccc(-c2cnn[nH]2)cc1,4
Fc1ccc(-c2cnn[nH]2)cc1,4
Clc1cccc(-c2c[nH]nn2)c1,4
Brc1cccc(-c2c[nH]nn2)c1,4
N#Cc1cccc(-c2c[nH]nn2)c1,4
FC(F)(F)c1cccc(-c2c[nH]nn2)c1,4
CCc1cccc(-c2c[nH]nn2)c1,4
O=[N+]([O-])c1cccc(-c2c[nH]nn2)c1,4
Cc1cccc(-c2c[nH]nn2)c1,4
Fc1cccc(-c2c[nH]nn2)c1,4
Oc1cccc(-c2c[nH]nn2)c1,4
Nc1cccc(-c2c[nH]nn2)c1,4
Clc1cc(-c2c[nH]nn2)ccn1,4
Brc1cc(-c2c[nH]nn2)ccn1,4
Fc1cc(-c2c[nH]nn2)ccn1,4
FC(F)(F)c1cc(-c2c[nH]nn2)ccn1,4
Brc1ccccc1-c1cnn[nH]1,4
Oc1ccccc1-c1c[nH]nn1,4
Clc1ccccc1-c1cnn[nH]1,4
Cc1ccccc1-c1c[nH]nn1,4
Nc1ccccc1-c1c[nH]nn1,4
Fc1ccccc1-c1c[nH]nn1,4
CCc1ccccc1-c1c[nH]nn1,4
FC(F)(F)c1ccccc1-c1c[nH]nn1,4
COc1ccccc1-c1c[nH]nn1,4
Oc1ccc(Cl)cc1-c1c[nH]nn1,4
Cc1ccc(Cl)cc1-c1c[nH]nn1,4
Clc1ccc(Cl)c(-c2c[nH]nn2)c1,4
Clc1cccc(-c2c[nH]nn2)c1Cl,4
Fc1ccc2c(/C=C/c3nnn[nH]3)c[nH]c2c1,5.152248478
OC(CC1c2ccccc2-c2cncn21)C1CCCCC1,6.405239247
O=C(CC1c2ccccc2-c2cncn21)C1CCCCC1,6
Cc1ccc(-c2csc3nnc(SCC(=O)Nc4ccc5c(c4)OCO5)n23)cc1,4.204119983
O=C1c2ccccc2C(=O)c2c1nnn2Cc1cccc(Cl)c1,6.147825096
Cc1ccccc1Cn1nnc2c1C(=O)c1ccccc1C2=O,6.251037139
O=C1c2ccccc2C(=O)c2c1nnn2Cc1ccc(F)cc1,5.131943638
Cc1ccc(Cn2nnc3c2C(=O)c2ccccc2C3=O)cc1,5.963371105
O=C1c2ccccc2C(=O)c2c1nnn2Cc1cccc(Br)c1,6.11463878
O=C1c2ccccc2C(=O)c2c1nnn2Cc1ccc(Br)cc1,5.799696817
O=C1c2ccccc2C(=O)c2c1nnn2Cc1ccc(Cl)cc1,5.189767482
Cc1cccc(Cn2nnc3c2C(=O)c2ccccc2C3=O)c1,5.758204569
O=C(O)c1cccc(Cn2nnc3c2C(=O)c2ccccc2C3=O)c1,6.777283529
O=C(O)c1ccc(Cn2nnc3c2C(=O)c2ccccc2C3=O)cc1,6.505845406
CCN(CC)C(=O)c1cccc(Cn2nnc3c2C(=O)c2ccccc2C3=O)c1,7.045757491
CCN(CC)C(=O)c1ccc(Cn2nnc3c2C(=O)c2ccccc2C3=O)cc1,6.742321425
CC(=O)N1CCN(C(=O)c2cccc(Cn3nnc4c3C(=O)c3ccccc3C4=O)c2)CC1,7.229147988
O=C1c2ccccc2C(=O)c2c1nnn2Cc1cccc(C(=O)N2CCOCC2)c1,7.318758763
CN1CCN(C(=O)c2cccc(Cn3nnc4c3C(=O)c3ccccc3C4=O)c2)CC1,7.494850022
CC(=O)N1CCN(C(=O)c2ccc(Cn3nnc4c3C(=O)c3ccccc3C4=O)cc2)CC1,6.754487332
O=C1c2ccccc2C(=O)c2c1nnn2Cc1ccc(C(=O)N2CCOCC2)cc1,6.935542011
CN1CCN(C(=O)c2ccc(Cn3nnc4c3C(=O)c3ccccc3C4=O)cc2)CC1,7.161150909
COC1CCN(C(=O)c2ccc(Cn3nnc4c3C(=O)c3ccccc3C4=O)cc2)CC1,6.679853714
CCN(CC)C(=O)Cc1ccc(Cn2nnc3c2C(=O)c2ccccc2C3=O)cc1,6.838631998
N#CC1=C(N)Nc2[nH]c(=O)[nH]c(=O)c2C1c1cccc(Cl)c1,5.522878745
N#Cc1c(-c2cccc(Cl)c2)c2c(=O)[nH]c(=O)[nH]c2[nH]c1=O,5.522878745
Cc1n[nH]c2c1C(c1ccc(F)c(Cl)c1)c1c([nH]c(=O)[nH]c1=O)O2,5.522878745
Cc1n[nH]c2c1C(c1ccc(F)c(F)c1)c1c(C)n[nH]c1O2,5.522878745
Cc1n[nH]c2c1C(c1ccc(F)c(Cl)c1)c1c(C)n[nH]c1O2,5.522878745
Cc1n[nH]c2c1C(c1ccc(F)c(Cl)c1)c1c(N)n[nH]c1O2,5.522878745
COc1ccc(C2c3c(C)n[nH]c3Oc3[nH]nc(N)c32)cc1O,5.522878745
Nc1n[nH]c2c1C(c1ccc(F)c(Cl)c1)c1c(N)n[nH]c1O2,5.522878745
Cc1n[nH]c2c1C(c1ccc(F)c(F)c1)c1c([nH]c(=O)[nH]c1=O)O2,5.522878745
Nc1n[nH]c2c1C(c1ccc(F)c(F)c1)c1c(N)n[nH]c1O2,5.522878745
Cc1n[nH]c2c1C(c1ccc(F)c(F)c1)c1c(N)n[nH]c1O2,5.522878745
Cc1n[nH]c2c1C(c1ccc(F)cc1)c1c(C)n[nH]c1O2,5.522878745
C[C@H]1NS(=O)(=O)c2ccc(-c3c[nH]c4cc(F)ccc34)cc21,7.568636236
O=S1(=O)NC(CO)c2cc(-c3c[nH]c4cc(F)ccc34)ccc21,7.366531544
CNC(=O)CCN1C(C)c2cc(-c3c[nH]c4cc(F)ccc34)ccc2S1(=O)=O,7.148741651
CC1c2cc(-c3c[nH]c4cc(F)ccc34)ccc2S(=O)(=O)N1CCS(N)(=O)=O,6.510041521
CC1c2cc(-c3c[nH]c4cc(F)ccc34)ccc2S(=O)(=O)N1CC1(C)COC(=O)N1,7.236572006
CC1c2cc(-c3c[nH]c4cc(F)ccc34)ccc2S(=O)(=O)N1CC(N)=O,7.585026652
O=C1CC(c2c[nH]c3ccc(F)cc23)C(=O)N1,3.840132153
O[C@H](C[C@H]1c2c(F)cccc2-c2cncn21)[C@H]1CC[C@H](O)CC1,6.246110669
Oc1ccc(Cl)cc1-c1cncn1Cc1cc2cc(F)ccc2[nH]1,4.2644011
Oc1ccc(F)cc1-c1cncn1Cc1cc2cc(F)ccc2[nH]1,4.075720714
Nc1oncc1-c1ccccc1,6.853871964
c1ccc(-c2cnoc2)cc1,4.602059991
CNc1oncc1-c1ccccc1,6.721246399
NC(=O)c1oncc1-c1ccccc1,4.602059991
CNC(=O)c1oncc1-c1ccccc1,4.602059991
OCc1oncc1-c1ccccc1,5.356547324
Cc1noc(N)c1-c1ccccc1,4.602059991
Nc1oncc1-c1ccc(Cl)cc1,5.598599459
Nc1oncc1-c1ccc(F)cc1,6.236572006
Nc1oncc1-c1cccc(Cl)c1,5.764471553
COc1cccc(-c2cnoc2N)c1,5.508638306
Nc1oncc1C1CCCC1,6.193820026
Nc1oncc1C1CCCCC1,5.107905397
Nc1oncc1-c1cccnc1,5.638272164
Nc1oncc1-c1ccccn1,5.769551079
Nc1oncc1-c1cccs1,7.537602002
Nc1oncc1-c1ccsc1,7.552841969
Nc1oncc1-n1cccn1,6.537602002
Cc1ccn(-c2cnoc2N)n1,5.795880017
Cc1cnn(-c2cnoc2N)c1,5.795880017
Nc1oncc1-n1cc(F)cn1,6.468521083
Nc1cnoc1-c1ccccc1,4.602059991
Cn1ncc(-c2ccccc2)c1N,4.602059991
Nc1[nH]ncc1-c1ccccc1,4.602059991
Nc1nncn1-c1ccccc1,4.602059991
Nc1cnnn1-c1ccccc1,4.602059991
Nc1cnsc1-c1ccccc1,4.602059991
Nc1sncc1-c1ccccc1,4.744727495
Nc1snnc1-c1ccccc1,4.602059991
Nc1nnsc1-c1ccccc1,6.568636236
O=C([O-])c1cccc(NC(=O)c2c3c(n4ccccc24)C(=O)c2cccnc2C3=O)c1.[K+],4
O=C([O-])c1cccc(NC(=O)c2c3c(n4ccccc24)C(=O)c2ncccc2C3=O)c1.[K+],4.380906669
Cc1ccccc1NC(=O)c1c2c(n3ccccc13)C(=O)c1cccnc1C2=O,4
Cc1ccccc1NC(=O)c1c2c(n3ccccc13)C(=O)c1ncccc1C2=O,4
O=C1c2ncccc2C(=O)c2c1c(C(=O)Nc1ccccc1)c1ccccn21,4
O=C1c2cccnc2C(=O)c2c1c(C(=O)Nc1ccccc1)c1ccccn21,5.13667714
NC(=S)NNC(=O)c1c2c(n3ccccc13)C(=O)c1ncccc1C2=O,5.920818754
CN(C)CCNC(=O)c1c2c(n3ccccc13)C(=O)c1cccnc1C2=O,5.145693958
CN(C)CCNC(=O)c1c2c(n3ccccc13)C(=O)c1ncccc1C2=O,5.474955193
Nc1oc2cnccc2c1Nc1ccc(F)c(Cl)c1,6.301029996
Nc1oc2cnccc2c1Nc1ccccc1,6.301029996
Nc1oc2cnccc2c1Nc1ccccc1Cl,5.698970004
Nc1oc2cnccc2c1Nc1ccc(F)cc1,6.301029996
Nc1oc2cnccc2c1Nc1ccc(C(F)(F)F)cc1,6.301029996
Nc1oc2cnccc2c1Nc1ccc(Cl)cc1Cl,5.698970004
Nc1oc2cnccc2c1Nc1cccc(Cl)c1,6.301029996
COc1cc(Nc2c(N)oc3cnccc23)ccc1Cl,6.301029996
Nc1oc2cnccc2c1Nc1ccc(F)cc1Br,5.698970004
Nc1oc2cnccc2c1Nc1ccc(N2CCOCC2)cc1,5.698970004
Nc1oc2cnccc2c1Nc1cc(F)c(F)cc1F,5.698970004
Cc1ccc(Nc2c(N)oc3cnccc23)cc1C,6.301029996
Cc1cc(C)cc(Nc2c(N)oc3cnccc23)c1,6.301029996
Nc1oc2cnccc2c1Nc1ccc(Cl)c(Cl)c1,6.301029996
Nc1oc2cnccc2c1Nc1ccc(Br)cc1,6.301029996
Nc1oc2cnccc2c1Nc1ccc(Cl)cc1,6.301029996
Nc1oc2cnccc2c1Nc1ccc(I)c(Cl)c1,6.301029996
CCc1cccc(Nc2c(N)oc3cnccc23)c1,5.698970004
Nc1oc2cnccc2c1Nc1cccc(I)c1,6.301029996
Cc1ccc(Nc2c(N)oc3cnccc23)cc1Br,6.301029996
Nc1oc2cnccc2c1Nc1cc(F)c(F)c(Br)c1,5.698970004
Nc1oc2cnccc2c1Nc1ccc(Cc2ccccc2)cc1,6.301029996
Nc1oc2cnccc2c1Nc1ccccc1N1CCCCC1,5.698970004
COc1ccc(Cl)cc1Nc1c(N)oc2cnccc12,6.301029996
Nc1oc2cnccc2c1Nc1cccc(C(F)(F)F)c1,6.301029996
Cc1cc(Nc2c(N)oc3cnccc23)ccc1F,6.301029996
N#Cc1cccc(Nc2c(N)oc3cnccc23)c1F,5.698970004
Nc1oc2cnccc2c1Nc1ccc(Oc2ccccc2)cc1,5.698970004
Nc1oc2cnccc2c1Nc1ccc(F)cc1Cl,6.301029996
Nc1oc2cnccc2c1Nc1ccc(Cl)c(Cl)c1Cl,5.698970004
CC(C)(C)c1cc(Nc2c(N)oc3cnccc23)cc(C(C)(C)C)c1,6.301029996
Cc1ccc(Nc2c(N)oc3cnccc23)cc1Cl,6.301029996
COc1ccc(Nc2c(N)oc3cnccc23)c(OC)c1,5.698970004
Nc1oc2cnccc2c1Nc1ccc2c(c1)OCO2,6.301029996
C#Cc1ccc(Nc2c(N)oc3cnccc23)cc1,6.301029996
CC(C)Oc1cccc(Nc2c(N)oc3cnccc23)c1,5.698970004
N#Cc1ccc(Nc2c(N)oc3cnccc23)cc1,6.301029996
Cc1ccc(Nc2c(N)oc3cnccc23)cc1,6.301029996
CC(=O)c1ccc(Nc2c(N)oc3cnccc23)cc1,6.301029996
Nc1oc2cnccc2c1Nc1cccc(C2CC2)c1,5.698970004
CC(C)c1cccc(Nc2c(N)oc3cnccc23)c1,5.698970004
Nc1oc2cnccc2c1Nc1ccc(F)c(Cl)c1F,6.301029996
Nc1oc2cnccc2c1Nc1ccc(F)c(Cl)c1Cl,5.698970004
Nc1oc2cnccc2c1Nc1cccc(F)c1,6.301029996
Nc1oc2cnccc2c1Nc1cc(Cl)c(F)c(Cl)c1,6.301029996
Nc1oc2cnccc2c1Nc1cccnc1,6.301029996
Nc1oc2cnccc2c1Nc1ccc(OC(F)(F)F)cc1,6.301029996
Nc1oc2cnccc2c1Nc1cc(Cl)c(F)cc1F,5.698970004
Nc1oc2cnccc2c1Nc1cncc(Cl)c1,6.301029996
Nc1oc2cnccc2c1Nc1cccc(-c2ccccc2)c1,5.698970004
Cc1ccc(Nc2c(N)oc3cnccc23)c(C)c1,6.301029996
Nc1oc2cnccc2c1Nc1cc(Cl)ccc1Cl,5.698970004
Cc1ncc(CO)c2c(Nc3ccc(F)c(Cl)c3)c(N)oc12,5.698970004
Nc1oc2cncc(Cl)c2c1Nc1ccc(Cl)c(F)c1,6.301029996
Nc1oc2cnccc2c1Nc1ccc(F)c(Br)c1,6.301029996
Nc1oc2cnccc2c1Nc1ccc(F)c(F)c1,6.301029996
Nc1oc2cnccc2c1Nc1ccc(F)c(C(F)(F)F)c1,6.301029996
CC(C)(C)c1cccc(Nc2c(N)oc3cnccc23)c1,5.698970004
Nc1oc2cnccc2c1Nc1ccc(F)c(OC(F)(F)F)c1,5.698970004
Nc1oc2cnccc2c1Nc1cccc2c1CCCC2,5.698970004
COc1cc2c(Nc3ccc(F)c(Cl)c3)c(N)oc2cn1,6.301029996
Nc1oc2cnccc2c1Nc1cccc(C(F)F)c1,6.301029996
Cc1nccc2c(Nc3ccc(F)c(Cl)c3)c(N)oc12,6.301029996
COc1cncc2oc(N)c(Nc3ccc(F)c(Cl)c3)c12,6.301029996
C#Cc1cccc(Nc2c(N)oc3cnccc23)c1,6.301029996
CC(F)(F)c1cc(Nc2c(N)oc3cnccc23)ccc1F,5.698970004
Cc1cc(Nc2c(N)oc3cnccc23)ccc1Cl,6.301029996
Nc1oc2cnccc2c1Nc1ccc2c(c1)CCCC2,5.698970004
Cc1ncc(C)c2c(Nc3ccc(F)c(Cl)c3)c(N)oc12,6.301029996
CCc1nccc2c(Nc3ccc(F)c(Cl)c3)c(N)oc12,6.301029996
CCc1nccc2c(Nc3ccc(F)c(C(F)(F)F)c3)c(N)oc12,5.698970004
Nc1oc2cnccc2c1Nc1cccc(Cc2ccccc2)c1,5.698970004
CCc1nccc2c(Nc3cccc(C(F)(F)F)c3)c(N)oc12,6.301029996
CCCc1nccc2c(Nc3ccc(F)c(Cl)c3)c(N)oc12,5.698970004
CCCc1nccc2c(Nc3cccc(C(F)(F)F)c3)c(N)oc12,5.698970004
CCCc1nccc2c(Nc3ccc(F)c(C(F)(F)F)c3)c(N)oc12,6.301029996
Cc1nccc2c(Nc3cccc(C(F)(F)F)c3)c(N)oc12,5.698970004
Nc1oc2c(-c3ccccc3)nccc2c1Nc1ccc(F)c(Cl)c1,6.301029996
Nc1oc2c(-c3ccccc3)nccc2c1Nc1cccc(C(F)(F)F)c1,5.698970004
CC(C)c1nccc2c(Nc3ccc(F)c(Cl)c3)c(N)oc12,6.301029996
Nc1oc2cnccc2c1Nc1cccc(CC2CC2)c1,5.698970004
COc1cc2c(Nc3ccc(F)c(Cl)c3)c(N)oc2c(C)n1,6.301029996
Cc1cc(Cl)cc(Nc2c(N)oc3cnccc23)c1,6.301029996
Nc1oc2cnccc2c1Nc1cccc(C2CCCCC2)c1,6.301029996
Nc1oc2cnccc2c1Nc1cccc(CC2CCC2)c1,5.698970004
COc1cccc(-c2nccc3c(Nc4ccc(F)c(Cl)c4)c(N)oc23)c1,6.301029996
C#Cc1cccc(Nc2c(N)oc3c(C)nccc23)c1,6.301029996
Nc1oc2c(-c3cccnc3)nccc2c1Nc1ccc(F)c(Cl)c1,6.301029996
Nc1oc2c(-c3ccccc3Cl)nccc2c1Nc1ccc(F)c(Cl)c1,6.301029996
C#Cc1cccc(Nc2c(N)oc3c(CC)nccc23)c1,6.301029996
Nc1oc2c(-c3ccncc3)nccc2c1Nc1ccc(F)c(Cl)c1,6.301029996
COc1ccccc1-c1nccc2c(Nc3ccc(F)c(Cl)c3)c(N)oc12,6.301029996
N#Cc1cccc(Nc2c(N)oc3cnccc23)c1,5.698970004
Nc1oc2c(-c3cccc(Cl)c3)nccc2c1Nc1ccc(F)c(Cl)c1,5.698970004
CCCCOc1cc2c(Nc3ccc(F)c(Cl)c3)c(N)oc2c(-c2ccccc2)n1,5.698970004
N#Cc1nccc2c(Nc3ccc(F)c(Cl)c3)c(N)oc12,6.301029996
Nc1oc2c(-c3ccccc3)nc(Oc3ccccc3)cc2c1Nc1ccc(F)c(Cl)c1,5.698970004
CCOc1cc2c(Nc3ccc(F)c(Cl)c3)c(N)oc2c(-c2ccccc2)n1,5.698970004
CC(C)(C)Oc1cc2c(Nc3ccc(F)c(Cl)c3)c(N)oc2c(-c2ccccc2)n1,6.301029996
CC(C)Oc1cc2c(Nc3ccc(F)c(Cl)c3)c(N)oc2c(-c2ccccc2)n1,5.698970004
Nc1oc2c(C3CCCCC3)nccc2c1Nc1ccc(F)c(Cl)c1,6.301029996
CCc1cc2c(Nc3ccc(F)c(Cl)c3)c(N)oc2c(-c2ccccc2)n1,5.698970004
C#Cc1cc(Nc2c(N)oc3c(-c4ccccc4)nccc23)ccc1F,6.301029996
C#Cc1cc(Nc2c(N)oc3c(-c4ccncc4)nccc23)ccc1F,6.301029996
N#Cc1ccc2c(Nc3cccc(C(F)(F)F)c3)c(N)oc2c1,6.301029996
Cc1cccc(Nc2c(N)oc3cc(C#N)ccc23)c1,5.698970004
N#Cc1ccc2c(Nc3cccc(Br)c3)c(N)oc2c1,6.301029996
N#Cc1ccc2c(Nc3ccccc3Cl)c(N)oc2c1,5.698970004
Nc1sc2ccccc2c1Nc1ccc(F)c(Cl)c1,6.301029996
Nc1sc2ccccc2c1Nc1ccccc1,6.301029996
Nc1sc2ccccc2c1Nc1cccc(C(F)(F)F)c1,5.698970004
Nc1sc2ccccc2c1Nc1cccc(F)c1,6.301029996
Nc1sc2cnccc2c1Nc1ccc(F)c(Cl)c1,5.698970004
Nc1sc2ccccc2c1Sc1cccc(Cl)c1,5.698970004
Nc1sc2ccc(Br)cc2c1Nc1ccc(F)c(Cl)c1,5.698970004
Nc1sc2ccccc2c1Nc1ccc(Cl)c(C(F)(F)F)c1,5.698970004
Cl.Nc1sc2ccccc2c1Sc1cccc(Cl)c1,5.698970004
Nc1sc2ccccc2c1Nc1ccc(Br)c(C(F)(F)F)c1,5.698970004
Cl.Nc1sc2ccccc2c1Oc1cccc(Cl)c1,5.698970004
Nc1sc2ccccc2c1Nc1ccc(F)c(C(F)(F)F)c1,5.698970004
Cl.Nc1sc2ccc(Cl)cc2c1Nc1ccc(F)c(Cl)c1,5.698970004
Nc1sc2ccc(Cl)cc2c1Nc1ccccc1,5.698970004
Nc1sc2ccc(Cl)cc2c1Nc1ccc(F)cc1,6.301029996
Nc1sc2ccc(Cl)cc2c1Nc1ccc(F)c(C(F)(F)F)c1,5.698970004
Cl.Nc1sc2ccc(Cl)cc2c1Nc1cccc(C(F)(F)F)c1,6.301029996
CN(c1ccccc1)c1c(N)sc2ccccc12.Cl,5.698970004
N#Cc1ccc2c(Nc3ccc(F)c(Cl)c3)c(N)sc2c1,5.698970004
C#Cc1cccc(Nc2c(N)sc3ccccc23)c1,5.698970004
Cc1cccc(Nc2c(N)sc3ccccc23)c1C,6.301029996
O=C(Nc1oc2cnccc2c1Nc1ccc(F)c(Cl)c1)OCc1ccccc1,6.301029996
CCOC(=O)Nc1oc2cnccc2c1Nc1ccc(F)c(Cl)c1,5.698970004
CCOC(=O)Nc1oc2cnccc2c1N(C(=O)OCC)c1ccc(F)c(Cl)c1,5.698970004
COC(=O)Nc1oc2cnccc2c1Nc1ccc(F)c(Cl)c1,5.698970004
COC(=O)Nc1oc2cnccc2c1N(C(=O)OC)c1ccc(F)c(Cl)c1,5.698970004
CCOC(=O)Nc1oc2c(C#N)nccc2c1N(C(=O)OCC)c1ccc(F)c(Cl)c1,5.698970004
CCOC(=O)Nc1oc2c(-c3cccc(C#N)c3)nccc2c1N(C(=O)OCC)c1ccc(F)c(Cl)c1,5.698970004
Nc1oc2c(-c3ccc(F)cc3)nccc2c1Nc1ccc(F)c(Cl)c1,6.301029996
Cn1cc(-c2nccc3c(Nc4ccc(F)c(Cl)c4)c(N)oc23)cn1,6.301029996
N#Cc1ccc(-c2nccc3c(Nc4ccc(F)c(Cl)c4)c(N)oc23)cc1,6.301029996
NC(=O)c1ccc(-c2nccc3c(Nc4ccc(F)c(Cl)c4)c(N)oc23)cc1,6.301029996
COC(=O)c1ccc(-c2nccc3c(Nc4ccc(F)c(Cl)c4)c(N)oc23)cc1,6.301029996
Nc1oc2c(I)nccc2c1Nc1ccc(F)c(Cl)c1,6.301029996
Nc1oc2c(-c3ccnc(N4CCOCC4)c3)nccc2c1Nc1ccc(F)c(Cl)c1,5.698970004
N#Cc1nccc2c(Nc3ccc(F)c(Cl)c3)c(NC(=O)OCc3ccccc3)oc12,6.301029996
CCOC(=O)Nc1oc2c(I)nccc2c1N(C(=O)OCC)c1ccc(F)c(Cl)c1,5.698970004
CCOC(=O)Nc1oc2c(-c3ccc(C(N)=O)cc3)nccc2c1Nc1ccc(F)c(Cl)c1,5.698970004
Cc1cc(-c2nccc3c(Nc4ccc(F)c(Cl)c4)c(N)oc23)ccn1,6.301029996
Nc1oc2c(Br)nccc2c1Nc1ccc(F)c(Cl)c1,6.301029996
CCOC(=O)Nc1oc2c(C#Cc3ccc(C(N)=O)cc3)nccc2c1N(C(=O)OCC)c1ccc(F)c(Cl)c1,5.698970004
CCOC(=O)Nc1oc2c(Br)nccc2c1N(C(=O)OCC)c1ccc(F)c(Cl)c1,5.698970004
CCOC(=O)Nc1oc2c(-c3ccccc3)nccc2c1Nc1ccc(F)c(Cl)c1,5.698970004
CCOC(=O)Nc1oc2c(-c3cc(C)nc(C)c3)nccc2c1Nc1ccc(F)c(Cl)c1,5.698970004
Cc1cc(-c2nccc3c(Nc4ccc(F)c(Cl)c4)c(N)oc23)cc(C)n1,5.698970004
CCOC(=O)Nc1oc2c(-c3cc(C)nc(C)c3)nccc2c1N(C(=O)OCC)c1ccc(F)c(Cl)c1,5.698970004
Nc1oc2c(Cl)nccc2c1Nc1ccc(F)c(Cl)c1,6.301029996
COc1cc2c(Nc3ccc(F)c(Cl)c3)c(N)oc2c(I)n1,5.698970004
COc1cc2c(Nc3ccc(F)c(Cl)c3)c(N)oc2c(Br)n1,5.698970004
COc1cc2c(Nc3ccc(F)c(Cl)c3)c(N)oc2c(-c2ccc(C#N)cc2)n1,5.698970004
COc1cc2c(Nc3ccc(F)c(Cl)c3)c(N)oc2c(-c2ccc(F)cc2)n1,6.301029996
COc1cc2c(Nc3ccc(F)c(Cl)c3)c(N)oc2c(-c2ccc(C(N)=O)cc2)n1,5.698970004
Nc1oc2c(F)nccc2c1Nc1ccc(F)c(Cl)c1,6.301029996
Nc1oc2cnc(Cl)cc2c1Nc1ccc(F)c(Cl)c1,6.301029996
Nc1oc2cc([N+](=O)[O-])ccc2c1Nc1ccc(F)c(Cl)c1,6.301029996
Nc1oc2c(-c3ccncc3)nc(F)cc2c1Nc1ccc(F)c(Cl)c1,6.301029996
Nc1oc2cnc(F)cc2c1Nc1ccc(F)c(Cl)c1,6.301029996
N#Cc1nccc2c(Nc3ccccc3Cl)c(N)oc12,5.698970004
N#Cc1nccc2c(Nc3ccc(F)c(C(F)(F)F)c3)c(N)oc12,6.301029996
Nc1oc2c(-c3ccncc3)nccc2c1Nc1ccc(F)c(F)c1,6.301029996
N#Cc1nccc2c(Nc3ccc(F)c(F)c3)c(N)oc12,6.301029996
N#Cc1nccc2c(Nc3cc(F)cc(F)c3)c(N)oc12,6.301029996
Nc1oc2c(-c3ccncc3)nccc2c1Nc1cc(F)cc(F)c1,6.301029996
Nc1oc2c(-c3ccncc3)nc(F)cc2c1Nc1ccc(F)c(F)c1,6.301029996
Nc1oc2c(F)nccc2c1Nc1ccc(F)c(C(F)(F)F)c1,6.301029996
Nc1oc2c(F)nc(F)cc2c1Nc1ccc(F)c(Cl)c1,6.301029996
Nc1oc2c(-c3cc(F)nc(F)c3)nccc2c1Nc1ccc(F)c(Cl)c1,6.301029996
Nc1oc2c(-c3ccncc3)nccc2c1Nc1ccc(F)c(C(F)(F)F)c1,6.301029996
CCOC(=O)Nc1oc2c(-c3ccncc3)nccc2c1N(C(=O)OCC)c1ccc(F)c(C(F)(F)F)c1,5.698970004
CCOC(=O)Nc1oc2c(C#N)nccc2c1N(C(=O)OCC)c1ccc(F)c(C(F)(F)F)c1,5.698970004
CNC(=O)c1cc(-c2nccc3c(Nc4ccc(F)c(Cl)c4)c(N)oc23)ccn1,6.301029996
COc1ccccc1-c1nccc2c(Nc3ccc(F)c(F)c3)c(N)oc12,6.301029996
Nc1oc2c(-c3ccccc3Cl)nccc2c1Nc1ccc(F)c(F)c1,6.301029996
Cc1cc(-c2nccc3c(Nc4ccc(F)c(F)c4)c(N)oc23)ccn1,6.301029996
Nc1oc2c(-c3cccc(C(F)(F)F)c3)nccc2c1Nc1ccc(F)c(Cl)c1,5.698970004
Nc1oc2c(N(c3ccccc3)c3ccccc3)nccc2c1Nc1ccc(F)c(Cl)c1,5.698970004
Nc1oc2c(-c3ccncc3)nccc2c1Nc1ccc(F)cc1,6.301029996
Nc1oc2c(-c3ccncc3)nccc2c1Nc1ccccc1Cl,6.301029996
Nc1oc2c(-c3ccncc3)nccc2c1Nc1cccc(C(F)(F)F)c1,6.301029996
Nc1oc2c(-c3cccc4ccccc34)nccc2c1Nc1ccc(F)c(Cl)c1,6.301029996
Cc1cc(-c2nccc3c(Nc4ccc(F)c(C(F)(F)F)c4)c(N)oc23)ccn1,6.301029996
Cc1cc(-c2nccc3c(Nc4ccccc4Cl)c(N)oc23)ccn1,6.301029996
Cc1cc(-c2nccc3c(Nc4cccc(C(F)(F)F)c4)c(N)oc23)ccn1,6.301029996
Cc1cc(-c2nccc3c(Nc4ccc(F)cc4)c(N)oc23)ccn1,6.301029996
CCOC(=O)Nc1sc2ccccc2c1Nc1ccc(F)c(Cl)c1,5.698970004
Cl.Nc1sc2c(Br)cccc2c1Nc1ccc(F)c(Cl)c1,6.301029996
Nc1sc2ccccc2c1Nc1ccc(F)c(F)c1,6.301029996
Nc1sc2c(-c3ccncc3)cccc2c1Nc1ccc(F)c(Cl)c1,6.301029996
Cc1ccc2sc(N)c(Nc3ccc(F)c(Cl)c3)c2c1,5.698970004
Cc1ccc2sc(N)c(Nc3ccc(F)c(F)c3)c2c1,5.698970004
Nc1sc2cnc(F)cc2c1Nc1ccc(F)c(F)c1,6.301029996
Nc1oc2c(-c3ccncc3)nccc2c1Nc1cccc(Cl)c1,6.301029996
Nc1oc2cnc(F)cc2c1Nc1ccccc1Cl,6.301029996
CNC(=O)c1cc(-c2nccc3c(Nc4ccccc4Cl)c(N)oc23)ccn1,6.301029996
Nc1oc2cnc(F)cc2c1Nc1cccc(Cl)c1,6.301029996
Nc1oc2cnc(F)cc2c1Nc1cccc(C(F)(F)F)c1,6.301029996
Nc1oc2cnc(F)cc2c1Nc1ccc(F)c(C(F)(F)F)c1,6.301029996
CNC(=O)c1cc(-c2nccc3c(Nc4ccc(F)c(F)c4)c(N)oc23)ccn1,6.301029996
CNC(=O)c1cc(-c2nccc3c(Nc4ccc(F)cc4)c(N)oc23)ccn1,6.301029996
CNC(=O)c1cc(-c2nccc3c(Nc4cccc(Cl)c4)c(N)oc23)ccn1,6.301029996
CNC(=O)c1cc(-c2nccc3c(Nc4cccc(C(F)(F)F)c4)c(N)oc23)ccn1,5.698970004
CNC(=O)c1cc(-c2nccc3c(Nc4ccc(F)c(C(F)(F)F)c4)c(N)oc23)ccn1,5.698970004
Nc1oc2cnc(F)cc2c1Nc1ccc(F)cc1,6.301029996
COc1cc(-c2nccc3c(Nc4ccc(F)c(Cl)c4)c(N)oc23)ccn1,6.301029996
Nc1sc2ccccc2c1Nc1cccc(Br)c1,6.301029996
Nc1sc2ccccc2c1Nc1ccc(F)cc1,5.698970004
CCc1ccccc1Nc1c(N)sc2ccccc12.Cl,5.698970004
Nc1sc2c(-c3ccccc3)cccc2c1Nc1ccc(F)c(Cl)c1,5.698970004
Nc1sc2ccccc2c1Nc1cccc(Cl)c1,6.301029996
COc1cccc(Nc2c(N)sc3ccccc23)c1,6.301029996
Nc1sc2ccccc2c1Nc1ccc2c(c1)OCO2,5.698970004
Cc1cc(Br)ccc1Nc1c(N)sc2ccccc12,5.698970004
Cc1cc(-c2nccc3c(Nc4cccc(Cl)c4)c(N)oc23)ccn1,6.301029996
Cc1cc(-c2nccc3c(Nc4ccccc4)c(N)oc23)ccn1,6.301029996
Cc1cc(-c2cccc3c(Nc4ccc(F)c(Cl)c4)c(N)oc23)ccn1,5.698970004
Cc1cc(-c2nc(F)cc3c(Nc4ccc(F)cc4)c(N)oc23)ccn1,6.301029996
Cc1cc(-c2nccc3c(Nc4ccccc4N4CCCCC4)c(N)oc23)ccn1,5.698970004
Cc1cc(-c2nccc3c(Nc4cccc(F)c4)c(N)oc23)ccn1,6.301029996
Cc1cc(-c2nc(F)cc3c(Nc4ccc(F)c(Cl)c4)c(N)oc23)ccn1,6.301029996
Nc1oc2c(N3CCOCC3)nccc2c1Nc1ccc(F)c(Cl)c1,6.301029996
Cc1cc(-c2nc(F)cc3c(Nc4ccc(F)c(F)c4)c(N)oc23)ccn1,6.301029996
Nc1oc2c(-c3ccc4ccccc4c3)nccc2c1Nc1ccc(F)c(Cl)c1,5.698970004
Cc1cc(-c2cccc3c(Nc4cccc(Cl)c4)c(N)sc23)ccn1,6.301029996
Nc1oc2c(-c3ccnc(C(=O)Nc4ccccc4)c3)nccc2c1Nc1ccc(F)c(Cl)c1,5.698970004
CCCCNC(=O)c1cc(-c2nccc3c(Nc4ccc(F)c(Cl)c4)c(N)oc23)ccn1,5.698970004
CC(C)(C)NC(=O)c1cc(-c2nccc3c(Nc4ccc(F)c(Cl)c4)c(N)oc23)ccn1,5.698970004
CC(C)CNC(=O)c1cc(-c2nccc3c(Nc4ccc(F)c(Cl)c4)c(N)oc23)ccn1,5.698970004
CCCNC(=O)c1cc(-c2nccc3c(Nc4ccc(F)c(Cl)c4)c(N)oc23)ccn1,5.698970004
Cc1cc(-c2nc(F)cc3c(Nc4cccc(Cl)c4)c(N)oc23)ccn1,6.301029996
Cc1cc(-c2nccc3c(Nc4ccc(F)cc4F)c(N)oc23)ccn1,6.301029996
Nc1oc2c(-c3ccnc(C(=O)NC4CCCCC4)c3)nccc2c1Nc1ccc(F)c(Cl)c1,5.698970004
Nc1oc2c(-c3cc(Cl)cc(Cl)c3)nccc2c1Nc1ccc(F)c(Cl)c1,5.698970004
CC(C)(C)c1cc(-c2nccc3c(Nc4ccc(F)c(Cl)c4)c(N)oc23)ccn1,5.698970004
Nc1oc2c[n+]([O-])ccc2c1Nc1ccc(F)c(Cl)c1,6.301029996
Nc1oc2c(-c3ccc4c(c3)OCO4)nccc2c1Nc1ccc(F)c(Cl)c1,6.301029996
CCc1cc(-c2nccc3c(Nc4ccc(F)c(Cl)c4)c(N)oc23)ccn1,6.301029996
Cc1cc(-c2nccc3c(Nc4cc(Cl)ccc4F)c(N)oc23)ccn1,5.698970004
Cc1cc(-c2nccc3c(Nc4cccc(Cl)c4F)c(N)oc23)ccn1,5.698970004
Cc1cc(-c2cccc3c(Nc4ccccc4)c(N)sc23)ccn1,6.301029996
Cc1cc(-c2cccc3c(Nc4ccc(F)cc4)c(N)sc23)ccn1,6.301029996
Cc1cc(-c2nc(C)cc3c(Nc4ccc(F)c(Cl)c4)c(N)oc23)ccn1,5.698970004
Nc1oc2c(-c3ccnc(C(F)(F)F)c3)nccc2c1Nc1ccc(F)c(Cl)c1,5.698970004
CCOC(=O)Nc1oc2c(-c3ccnc(C)c3)nccc2c1N(C(=O)OCC)c1ccc(F)c(Cl)c1,5.698970004
Nc1oc2c(-c3ccnc(C(=O)N4CCCCC4)c3)nccc2c1Nc1ccc(F)c(Cl)c1,6.301029996
Nc1oc2c(-c3ccnc(C(=O)N4CCOCC4)c3)nccc2c1Nc1ccc(F)c(Cl)c1,6.301029996
Nc1oc2c(-c3ccnc(C(=O)Nc4ccccn4)c3)nccc2c1Nc1ccc(F)c(Cl)c1,5.698970004
Nc1oc2c(-c3ccnc(C(=O)NCCN4CCOCC4)c3)nccc2c1Nc1ccc(F)c(Cl)c1,6.301029996
CCCCCNC(=O)c1cc(-c2nccc3c(Nc4ccc(F)c(Cl)c4)c(N)oc23)ccn1,5.698970004
Nc1oc2c(-c3cc(F)ccc3Cl)nccc2c1Nc1ccc(F)c(Cl)c1,6.301029996
Cc1cc(C)cc(-c2nccc3c(Nc4ccc(F)c(Cl)c4)c(N)oc23)c1,6.301029996
Nc1oc2c(-c3cc(F)cc(F)c3)nccc2c1Nc1ccc(F)c(Cl)c1,6.301029996
CCOC(=O)Nc1oc2c(-c3ccnc(C)c3)nccc2c1N(C(=O)OCC)c1ccc(F)c(F)c1,5.698970004
Nc1oc2c(/C=C/c3ccccc3)nccc2c1Nc1ccc(F)c(Cl)c1,6.301029996
Nc1sc2c(-c3cncc4ccccc34)cccc2c1Nc1ccc(F)c(Cl)c1,5.698970004
CC(=O)CC(=O)/C=C1\C(=O)Nc2ccc(Cl)cc21,4.398809467
CCOC(=O)C(C(=O)OCC)=C1C(=O)Nc2ccccc21,4.148680487
Cc1ccc(S(=O)(=O)N/N=C2\C(=O)Nc3ccccc32)cc1,4.276544328
O=C1Nc2ccccc2/C1=N/Nc1cccc(Cl)c1,4.329661359
O=C(NCCC1C(=O)Nc2ccccc21)OCc1ccccc1,4.234108024
O=C(N[C@@H](CC1C(=O)Nc2ccccc21)C(=O)O)OCc1ccccc1,4.565431096
CC(=O)CC(=O)CC1(O)C(=O)Nc2ccccc21,4.250882338
CC(=O)/C=C1\C(=O)Nc2ccc(Cl)cc21,4.262092077
O=C1Nc2ccccc2/C1=N/c1ccccc1Br,4.334982175
O=C1Nc2ccccc2/C1=N/Nc1ccccc1C(F)(F)F,4.416687848
O=C1Nc2ccccc2/C1=N/Nc1ccc(Cl)cc1,4.272621431
CC(=O)N[C@@H](CC1C(=O)Nc2ccccc21)C(=O)O,4.078469586
N[C@@H](CC1C(=O)Nc2ccccc21)C(=O)O,4.220259249
O=C(O)c1cccc(Cn2cnc3c2C(=O)c2ccccc2C3=O)c1,4
Cc1ccccc1Cn1cnc2c1C(=O)c1ccccc1C2=O,4
COC(=O)c1cccc(Cn2cnc3c2C(=O)c2ccccc2C3=O)c1,4
O=C1c2ccccc2C(=O)c2c1ncn2Cc1cccc(Cl)c1,4
O=C1c2ccccc2C(=O)c2c1nc(-c1ccncc1)n2Cc1cccc(Cl)c1,4
Cc1ccccc1Cn1c(-c2ccncc2)nc2c1C(=O)c1ccccc1C2=O,4
O=C1c2cccnc2C(=O)c2sc(-c3cscn3)nc21,6.492819023
O=C1c2ncccc2C(=O)c2sc(-c3cscn3)nc21,6.668572703
O=C1c2cccnc2C(=O)c2sc(-c3ccncc3)nc21,5.920818754
O=C1c2ncccc2C(=O)c2sc(-c3ccncc3)nc21,6.16475346
O=C1c2ccccc2C(=O)c2sc(-c3ccncc3)nc21,5.795880017
O=C1c2ccccc2C(=O)c2[nH]c(-c3cscn3)nc21,7.136082623
Cl.NOC(c1ccccc1)c1ccc(Cl)c(Cl)c1,5.217885853
Cl.NOC(c1ccc(Cl)cc1)c1ccc(Cl)cc1,5.486116814
Cl.NOC(c1ccccc1)c1ccc(Cl)cc1Cl,5.266802735
Cl.NOC(c1ccccc1)c1ccc(Cl)cc1,4.843148099
Cl.NOC(c1ccccc1)c1cccc(F)c1,5.214314332
Cl.NOC(c1ccccc1)c1cccc(Cl)c1Cl,5.169411331
Cl.NOC(c1ccc(F)cc1)c1ccc(F)cc1,5.150273556
Cl.NOC(c1ccccc1)c1cccc(C(F)(F)F)c1,4.89279003
NS(=O)(=O)NCCNc1nonc1/C(=N/O)Nc1ccc(F)c(Br)c1,4.679357883
Cl.NOC(c1ccccc1)c1cccc(Br)c1,5.145693958
Cl.NOC(c1ccccc1)c1cc(Cl)cc(Cl)c1,5.244125144
Cl.NOC(CCCC(=O)Nc1ccccc1)c1cccc(Cl)c1,3.910094889
Cl.NOC(c1ccccc1)c1cc(F)cc(F)c1,5.458420756
Cl.NOC(c1ccccc1)c1cccc(C(F)(F)F)c1F,5.250263684
Cl.NOC(CCc1cccc(Cl)c1)c1ccccc1,4.231361899
Cl.NOC(c1ccccc1)c1ccc(F)cc1F,5.195860568
Cl.NOC(c1ccccc1)c1cc(C(F)(F)F)ccc1F,5.044793462
Cl.NOC(c1ccccc1)c1ccccc1F,5.406713933
Cl.NOC(CCc1ccccc1)c1ccccc1F,4.303643611
Cl.NOC(c1ccccc1)c1ccccc1Br,4.647817482
Cl.NOC(c1ccccc1)c1ccccc1Cl,4.661543506
COc1ccccc1C(ON)c1ccccc1.Cl,4.311580178
Cl.NOC(c1ccccc1)c1ccsc1,5.355561411
Cl.NOC(c1ccccc1)C1CCCCC1,2.557520231
Cc1ccc(C(ON)c2ccc(Cl)cc2)c(O)c1.Cl,4.718966633
Cl.NOC(c1ccccc1)c1cc(C(F)(F)F)cc(C(F)(F)F)c1,4.111259039
Cl.NOC(c1ccccc1)c1ccc(O)cc1,4.525783736
NS(=O)(=O)NCC(=O)NCCSc1nonc1/C(=N/O)Nc1ccc(F)c(C(F)F)c1,5
NS(=O)(=O)CC(=O)NCCSc1nonc1/C(=N/O)Nc1cccc(Cl)c1,5
OCCn1c2ccccc2c2cncn21,7.698970004
OCCC1c2ccccc2-c2cncn21,7.698970004
OCCC1c2ccccc2-n2cncc21,7.22184875
OCCC1c2ccccc2-c2cnsc21,5.15490196
OCCn1c2ccccc2n2cnnc12,4.769551079
OCCC1c2ccccc2-n2nncc21,4.602059991
C[C@@H](C(=O)Nc1ccc(Cl)cc1)[C@H]1CC[C@@H](c2ccnc3ccc(F)cc32)CC1,5.27572413
CN1CCN(Cc2ccc3nc4n(c(=O)c3c2)-c2ccc(F)cc2C4=O)CC1,6.270295379
O=C1c2cc(F)ccc2-n2c1nc1ccc(CN3CCNCC3)cc1c2=O,6.318758763
CC(C)(C)OC(=O)N1CCN(Cc2ccc3nc4n(c(=O)c3c2)-c2ccc(F)cc2C4=O)CC1,6.585026652
CN1CCN(Cc2ccc3nc4n(c(=O)c3c2)-c2ccccc2C4=O)CC1,5.887730232
CN(C)Cc1ccc2nc3n(c(=O)c2c1)-c1ccc(F)cc1C3=O,6.628932138
O=C1c2cc(F)ccc2-n2c1nc1ccc(CN3CCOCC3)cc1c2=O,6.327902142
CN1CCN(c2ccc3nc4n(c(=O)c3c2)-c2ccc(F)cc2C4=O)CC1,5.920818754
O=C1c2cc(F)ccc2-n2c1nc1ccc(N3CCNCC3)cc1c2=O,5.764471553
O=C1c2cc(F)ccc2-n2c1nc1ccc(N3CCCCC3)cc1c2=O,5.161465729
CN1CCN(c2ccc3nc4n(c(=O)c3c2)-c2ccccc2C4=O)CC1,5.442492798
CN(C)c1ccc2nc3n(c(=O)c2c1)-c1ccc(F)cc1C3=O,5.689306688
O=C1c2ccccc2-n2c1nc1ccc(N3CCOCC3)cc1c2=O,5.462180905
Fc1cccc2c1C(C1CCCCC1)n1cncc1-2,7.070581074
Fc1cccc2c1C(C1CCCC1)n1cncc1-2,7.022276395
Fc1cccc2c1C(C1CCOCC1)n1cncc1-2,6.723538196
Fc1cccc2c1C(C1CCNCC1)n1cncc1-2,5
O=C(c1ccccc1)N1CCC(C2c3c(F)cccc3-c3cncn32)CC1,5.894489815
Fc1cccc2c1C(C1CCN(c3ccccc3)CC1)n1cncc1-2,6.4710833
Fc1cccc2c1C(c1ccccc1)n1cncc1-2,6.427128398
Fc1cccc2c1C(Cc1ccccc1)n1cncc1-2,6.100726813
Fc1cccc2c1C(C1CCN(c3nccs3)CC1)n1cncc1-2,6.232102384
Cn1ccc2ccc(N3CCC(C4c5c(F)cccc5-c5cncn54)CC3)cc21,6.424812155
Fc1cccc2c1C(C1CCN(c3nc4ccccc4s3)CC1)n1cncc1-2,6.709965389
Fc1cccc(N2CCC(C3c4c(F)cccc4-c4cncn43)CC2)c1,6.43062609
N#Cc1ccc(N2CCC(C3c4c(F)cccc4-c4cncn43)CC2)cc1,6.404503778
Fc1cccc2c1C(C1CCN(c3ccc(N4CCOCC4)cc3)CC1)n1cncc1-2,5.987584625
Fc1cccc2c1C(C1CCN(c3ccc(-c4ccncc4)cc3)CC1)n1cncc1-2,6.452225295
Fc1cccc2c1C(C1CCN(c3ccc(-c4cccnc4)cc3)CC1)n1cncc1-2,6.73754891
Cn1cc(-c2cccc(N3CCC(C4c5c(F)cccc5-c5cncn54)CC3)c2)cn1,6.194499142
Cn1cc(-c2ccc(N3CCC(C4c5c(F)cccc5-c5cncn54)CC3)cc2)cn1,6.879426069
Cn1cc(-c2ccc(N3CCC(C4c5c(F)cccc5-c5cncn54)CC3)c(F)c2)cn1,6.66756154
Cn1cc(-c2ccc(N3CCC(C4c5c(F)cccc5-c5cncn54)CC3)cc2F)cn1,7.187086643
Cc1cc(N2CCC(C3c4c(F)cccc4-c4cncn43)CC2)ccc1-c1cnn(C)c1,6.943095149
Cc1cc(-c2cnn(C)c2)ccc1N1CCC(C2c3c(F)cccc3-c3cncn32)CC1,6.645891561
Cn1cc(-c2cnc(N3CCC(C4c5c(F)cccc5-c5cncn54)CC3)nc2)cn1,6.237321436
Cn1cc(-c2ccc(N3CCC([C@H]4c5c(F)cccc5-c5cncn54)CC3)cc2)cn1,7.327902142
O=C1c2ccccc2-n2c1nc1ccccc1c2=O,5.888233567
Brc1cc(NCc2cccc3nonc23)c2cn[nH]c2c1,5.280668713
Cc1ccc2c(c1)C(=O)c1nc3ccccc3c(=O)n1-2,5.917334287
O=C1c2cc(F)ccc2-n2c1nc1ccccc1c2=O,6.449771647
O=C1c2cc(Br)ccc2-n2c1nc1ccccc1c2=O,6.458420756
O=C1c2ccccc2-n2c1nc1ccc(F)cc1c2=O,5.453704165
O=C1c2cc(F)ccc2-n2c1nc1ccc(F)cc1c2=O,6.270025714
O=C1c2c(Cl)cccc2-n2c1nc1ccccc1c2=O,4.821445089
O=C1c2ccc(Cl)cc2-n2c1nc1ccccc1c2=O,4.123224249
O=C1c2cc([N+](=O)[O-])ccc2-n2c1nc1ccccc1c2=O,7.171769885
COP(C)(=O)NCCNc1nonc1/C(=N/O)Nc1ccc(F)c(Br)c1,5.402304814
CCOP(=O)(CC)NCCNc1nonc1/C(=N/O)Nc1ccc(F)c(Br)c1,5.595166283
COP(C)(=O)NCCCCNc1nonc1/C(=N/O)Nc1ccc(F)c(Br)c1,5.478861916
O=C(CNc1nonc1/C(=N/O)N[C@H]1Cc2ccc(F)cc21)NCCO,5
O=Cc1ccc2nc3n(c(=O)c2c1)-c1ccc(F)cc1C3=O,7.22184875
O=C1c2cc(F)ccc2-n2c1nc1ccc(Cn3ccnn3)cc1c2=O,5.946921557
COC(=O)C1CCN(Cc2ccc3nc4n(c(=O)c3c2)-c2ccc(F)cc2C4=O)CC1,6.004364805
O=C1c2cc(F)ccc2-n2c1nc1ccc(CN3CCC(C(=O)O)CC3)cc1c2=O,6.346787486
COC(=O)C1CCCN(Cc2ccc3nc4n(c(=O)c3c2)-c2ccc(F)cc2C4=O)C1,5.542118103
O=C1c2cc(F)ccc2-n2c1nc1ccc(CN3CCCC(C(=O)O)C3)cc1c2=O,6.37675071
COC(=O)C1CCCN1Cc1ccc2nc3n(c(=O)c2c1)-c1ccc(F)cc1C3=O,6.522878745
O=C1c2cc(F)ccc2-n2c1nc1ccc(CN3CCCC3C(=O)O)cc1c2=O,6.744727495
CCOC(=O)/C=C/c1ccc2nc3n(c(=O)c2c1)-c1ccc(F)cc1C3=O,6.431798276
O=C(O)/C=C/c1ccc2nc3n(c(=O)c2c1)-c1ccc(F)cc1C3=O,7.522878745
CC1(C)OB(c2ccc3nc4n(c(=O)c3c2)-c2ccc(F)cc2C4=O)OC1(C)C,5.220403509
O=C1c2cc(F)ccc2-n2c1nc1ccc(B(O)O)cc1c2=O,5.91721463
C[C@H](C(=O)Nc1ccc(F)cc1)C12CC(NC(=O)c3ccc(F)c(F)c3)(C1)C2,5
C[C@H](C(=O)Nc1ccc(F)cc1)C12CC(NC(=O)c3cccc(Cl)c3)(C1)C2,5
CC(C(=O)Nc1ccc(Cl)cc1)C1CCC2(CC1)c1ccc(C(F)(F)F)cc1CN2C,5.148741651
C[C@H](C(=O)Nc1ccc(Cl)cc1)[C@H]1CC[C@]2(CC1)COc1ncc(C(F)(F)F)cc12,4.735182177
C[C@H](C(=O)Nc1ccc(Cl)cc1)[C@H]1CC[C@]2(CC1)COc1nc(C(F)(F)F)ccc12,5.148741651
CC[C@H](C(=O)Nc1ccc(Cl)cn1)[C@H]1CC[C@]2(CC1)COc1cc(C(F)(F)F)ccc12,4.578396073
C[C@@H](C(=O)Nc1ccc(Cl)cc1)[C@H]1CC[C@]2(CC1)COc1cc(C(F)(F)F)ccc12,4.978810701
C[C@H](C(=O)Nc1ccc(Cl)cc1)[C@H]1CC[C@]2(CC1)COc1cc(C(F)(F)F)ccc12,5.13667714
C[C@@H](C(=O)Nc1ccc(Cl)cc1)[C@H]1CC[C@@]2(CC1)COc1cc(C(F)(F)F)ccc12,4.987162775
C[C@H](C(=O)Nc1ccc(Cl)cc1)[C@H]1CC[C@@]2(CC1)COc1cc(C(F)(F)F)ccc12,5.107905397
CCC(C(=O)Nc1ccc(Cl)cc1)N1CCC2(CCOc3cc(C(F)(F)F)ccc32)CC1,4.928117993
CC[C@H](C(=O)Nc1ccc(Cl)cc1)N1CCC2(CC1)COc1cc(C(F)(F)F)ccc12,4.809668302
CC[C@@H](C(=O)Nc1ccc(Cl)cc1)N1CCC2(CC1)COc1cc(C(F)(F)F)ccc12,4.943095149
O=C(Nc1ccc(Cl)cc1)C(CC1CC1)N1CCC2(CC1)COc1cc(C(F)(F)F)ccc12,4.798602876
CC(C)(C(=O)Nc1ccc(Cl)cc1)N1CCC2(CC1)COc1cc(C(F)(F)F)ccc12,4.319664487
O=C(Nc1ccc(Cl)cc1)C(CCO)N1CCC2(CC1)COc1cc(C(F)(F)F)ccc12,5.022276395
CC(C(=O)Nc1ccc(Cl)cc1)N1CCC2(CC1)COc1cc(C(F)(F)F)ccc12,4.448550002
CC(C(=O)Nc1ccc(Cl)cc1)N1CCC2(CCc3ccccc32)CC1,4.408935393
O=C(CN1CCC2(CC1)COc1cc(C(F)(F)F)ccc12)Nc1ccc(Cl)cc1,4.590066877
O=C(CN1CCC2(CCc3ccccc32)CC1)Nc1ccc(Cl)cc1,4.368556231
O=C(Nc1ccc(Cl)cc1)C(=O)N1CCCC2(CC1)COc1cc(C(F)(F)F)ccc12,4.431798276
O=C(Nc1ccc(Cl)cc1)C(=O)N1CCC2(CC1)COc1cc(C(F)F)ccc12,4.522878745
O=C(Nc1ccc(Cl)cc1)C(=O)N1CCC2(CC1)COc1cc(C(F)(F)F)ccc12,4.677780705
O=C(Nc1ccc(Cl)cn1)C(=O)N1CCC2(CC1)COc1cc(C(F)(F)F)ccc12,5.193820026
O=C(Nc1ccc(Cl)cc1)C(=O)N1CC[C@@H](c2ccnc3ccc(F)cc23)[C@@H](O)C1,4.431798276
O=C(Nc1ccc(Cl)cc1)C(=O)N1CC[C@H](c2ccnc3ccc(F)cc23)[C@H](O)C1,4.764471553
O=C(Nc1ccc(Cl)cc1)C(=O)N1CC[C@@H](c2ccnc3ccc(F)cc23)[C@H](O)C1,4.815308569
O=C(Nc1ccc(Cl)cc1)C(=O)N1CC[C@H](c2ccnc3ccc(F)cc23)[C@@H](O)C1,4.853871964
O=C(Nc1ccc(Cl)cc1)C(=O)N1CCC(c2ccnc3ccc(F)cc23)C(F)(F)C1,5.200659451
CC1(C)CN(C(=O)C(=O)Nc2ccc(Cl)cc2)CCC1c1ccnc2ccc(F)cc12,5.346787486
O=C(Nc1ccc(Cl)cc1F)C(=O)N1CCCC(c2ccnc3ccc(F)cc23)CC1,5.229147988
O=C(Nc1ccc(Cl)cc1F)C(=O)N1CCC=C(c2ccnc3ccc(F)cc23)CC1,4.795880017
O=C(Nc1ccc(Cl)cn1)C(=O)N1CCC(c2ccnc(C(F)(F)F)c2Cl)CC1,4.657577319
N#Cc1ccc2nccc(C3CCN(C(=O)C(=O)Nc4ccc(Cl)cc4)CC3)c2c1,5.214670165
O=C(Nc1ccc(Cl)cc1)C(=O)N1CCC(c2ccnc3ccc(Cl)cc23)CC1,5.602059991
O=C(Nc1ccc(Cl)cn1)C(=O)N1CCC(c2ccnc3ccc(F)cc23)CC1,5.229147988
O=C(Nc1ccc(C(F)F)cc1)C(=O)N1CCC(c2ccnc3ccc(F)cc23)CC1,5.236572006
O=C(Nc1ccc(C(F)(F)F)cc1)C(=O)N1CCC(c2ccnc3ccc(F)cc23)CC1,5.022276395
N#Cc1ccc(NC(=O)C(=O)N2CCC(c3ccnc4ccc(F)cc34)CC2)cc1,5.259637311
O=C(Nc1ccc(Cl)cc1F)C(=O)N1CCC(c2ccnc3ccc(F)cc23)CC1,5.173925197
O=C(Nc1ccc(Cl)cc1)C(=O)N1CCC(c2ccnc3ccc(F)cc23)CC1,5.161150909
NS(=O)(=O)N1CCC(C(=O)/C(=N/O)Nc2ccc(F)c(Br)c2)CC1,4.20441888
O=C(/C(=N/O)Nc1ccc(F)c(Br)c1)C1CCN(S(=O)(=O)Nc2ccccc2)CC1,4.182295837
O=C(/C(=N/O)Nc1ccc(F)c(Br)c1)C1CCN(S(=O)(=O)NCc2ccccc2)CC1,4
O=C(/C(=N/O)Nc1ccc(F)c(Br)c1)C1CCN(C(=O)NCc2ccccc2)CC1,4.046868775
Cn1cc(-c2ccc(NC(=O)N3CCC(C(=O)/C(=N/O)Nc4ccc(F)c(Br)c4)CC3)cc2)cn1,4
O=C(/C(=N/O)Nc1ccc(F)c(Br)c1)C1CCN(C(=O)Nc2ccccc2)CC1,4.2367967
O=C(/C(=N/O)Nc1ccc(F)c(Br)c1)C1CCN(C(=O)c2ccccc2)CC1,4
O=C(/C(=N/O)Nc1ccc(F)c(Br)c1)C1CCN(c2ccccc2)CC1,4
O=C(NC[C@H]1CC[C@H](C(=O)/C(=N/O)Nc2ccc(F)c(Br)c2)CC1)c1ccccc1,4.091729501
O=C(Nc1ccccc1)[C@H]1CC[C@H](C(=O)/C(=N/O)Nc2ccc(F)c(Br)c2)CC1,4
O=C(/C(=N/O)Nc1ccc(F)c(Br)c1)[C@H]1CC[C@H](NS(=O)(=O)Nc2ccccc2)CC1,4
NS(=O)(=O)NC[C@H]1CC[C@H](C(=O)/C(=N/O)Nc2ccc(F)c(Br)c2)CC1,4.231080845
O/N=C(/CC1CCCCC1)Nc1ccc(F)c(Br)c1,4
O=C(/C(=N/O)Nc1ccc(F)c(Br)c1)C1CCCCC1,4.100464015
O=C(/C(=N/O)Nc1ccc(F)c(Br)c1)c1ccccc1,4.096991451
O=C(/C(=N/O)Nc1ccc(F)c(Br)c1)c1ccco1,4
O=C(/C(=N/O)Nc1ccc(F)c(Br)c1)c1cccs1,4.200032589
O=C(/C(=N/O)Nc1ccc(F)c(Br)c1)c1cncs1,4.927823656
O=C(O)c1cc2c(Nc3ccc(F)c(Cl)c3)ccc(F)c2[nH]1,4.003488328
COc1ccc(Nc2ccc(F)c(Cl)c2)c2cc(C(=O)O)[nH]c12,4.709965389
Cc1cc(Nc2ccc(F)c(Cl)c2)c2cc(C(=O)O)[nH]c2c1,4.647817482
N#Cc1cc(Nc2ccc(F)c(Cl)c2)c2cc(C(=O)O)[nH]c2c1,4
O=C(O)c1cc2c(Nc3ccc(F)c(Cl)c3)cc([N+](=O)[O-])cc2[nH]1,4
CC(=O)Nc1cc(Nc2ccc(F)c(Cl)c2)c2cc(C(=O)O)[nH]c2c1,5.071604148
CCNc1cc(Nc2ccc(F)c(Cl)c2)c2cc(C(=O)O)[nH]c2c1,5.452225295
O=C(O)c1cc2c(Nc3ccc(F)c(Br)c3)ccc(F)c2[nH]1,4.978810701
COc1cc(Nc2ccc(F)c3[nH]c(C(=O)O)cc23)ccc1F,4.503070352
O=C(O)c1cc2c(Nc3ccc(F)c(OC(F)(F)F)c3)ccc(F)c2[nH]1,4.782516056
O=C(O)c1cc2c(Nc3cc(Br)ccc3F)ccc(F)c2[nH]1,4.382999659
COc1cc(Nc2ccc(F)c3[nH]c(C(=O)O)cc23)cc(OC)c1OC,4.632644079
CC(=O)Nc1cc(Nc2cccc3[nH]ncc23)c2cc(C(=O)O)[nH]c2c1,5.168770306
COc1cc(Nc2cc(NC(C)=O)cc3[nH]c(C(=O)O)cc23)cc(OC)c1OC,5.147520006
COc1ccc(Nc2cc(NC(C)=O)cc3[nH]c(C(=O)O)cc23)nc1,5.278189385
COc1ccc(Nc2cc(NC(C)=O)cc3[nH]c(C(=O)O)cc23)cn1,5.441291429
CC(=O)Nc1cc(Nc2ccc(F)cn2)c2cc(C(=O)O)[nH]c2c1,4.931814138
CCNC1=C/C(=N\c2ccc(F)c(Cl)c2)c2cc(C(=O)O)[nH]c2C1=O,7.602059991
O=C(O)c1cc2c(Nc3ccc(F)c4[nH]c(C(=O)O)cc34)ccc(F)c2[nH]1,5.458420756
CC(=O)Nc1cc(Nc2ccc(F)c(F)c2)c2cc(C(=O)O)[nH]c2c1,5.809668302
COc1cc(Nc2cc(NC(C)=O)cc3[nH]c(C(=O)O)cc23)ccc1F,5.603800653
CCOc1cc(Nc2cc(NC(C)=O)cc3[nH]c(C(=O)O)cc23)ccc1F,5.289882635
CCCOc1cc(Nc2cc(NC(C)=O)cc3[nH]c(C(=O)O)cc23)ccc1F,5.350665141
CC(=O)Nc1cc(Nc2ccc(F)c(OC(F)(F)F)c2)c2cc(C(=O)O)[nH]c2c1,5.441291429
CC(=O)Nc1cc(Nc2ccc(F)c(OC(C)C)c2)c2cc(C(=O)O)[nH]c2c1,5.189767482
CC(=O)Nc1cc(Nc2ccc(F)c(OCC3CC3)c2)c2cc(C(=O)O)[nH]c2c1,5.388276692
CC(=O)Nc1cc(Nc2ccc(F)c(OCC(F)(F)F)c2)c2cc(C(=O)O)[nH]c2c1,5.016373713
CC(=O)Nc1cc(Nc2ccc(F)c(Oc3ccccc3)c2)c2cc(C(=O)O)[nH]c2c1,5.841637508
CC(=O)Nc1cc(Nc2ccc(F)c(OCc3ccccc3)c2)c2cc(C(=O)O)[nH]c2c1,5.280668713
CC(=O)Nc1cc(Nc2ccc(F)c(C)c2)c2cc(C(=O)O)[nH]c2c1,5.769551079
CC(=O)Nc1cc(Nc2ccc(F)c(C3CC3)c2)c2cc(C(=O)O)[nH]c2c1,5.263603498
CC(=O)Nc1cc(Nc2ccc(F)c(-c3ccsc3)c2)c2cc(C(=O)O)[nH]c2c1,5.596879479
CC(=O)Nc1cc(Nc2ccc(F)cc2)c2cc(C(=O)O)[nH]c2c1,5.11407366
COc1ccc(Nc2cc(NC(C)=O)cc3[nH]c(C(=O)O)cc23)cc1,5.521433504
CC(=O)Nc1cc(Nc2ccc(OC(F)F)cc2)c2cc(C(=O)O)[nH]c2c1,5.259637311
CC(=O)Nc1cc(Nc2ccc(OC(F)(F)F)cc2)c2cc(C(=O)O)[nH]c2c1,5.243363892
CC(=O)Nc1cc(Nc2ccc(C(F)(F)F)cc2)c2cc(C(=O)O)[nH]c2c1,4.634512015
CC(=O)Nc1cc(Nc2ccc(F)nc2)c2cc(C(=O)O)[nH]c2c1,4.336299075
O=C1c2ccccc2C(=O)c2c1nnn2-c1ccccc1,7.15490196
O=C1c2ccccc2C(=O)c2c1nnn2Cc1ccccc1,6.066512712
O=C1c2ccccc2C(=O)c2c1nnn2-c1cccc(Cl)c1,7.443697499
O=C1c2ccccc2C(=O)c2c1nnn2-c1ccc(Cl)cc1,7.823908741
O=C1c2ccccc2C(=O)c2c1nnn2-c1ccccc1Cl,5
O=C1c2ccccc2C(=O)c2c1nnn2-c1cccc(F)c1,6.995678626
O=C1c2ccccc2C(=O)c2c1nnn2-c1ccc(F)cc1,7.30980392
CC(=O)Nc1cccc(-n2nnc3c2C(=O)c2ccccc2C3=O)c1,6.879426069
O=C(O)c1cccc(-n2nnc3c2C(=O)c2ccccc2C3=O)c1,7.148741651
Cc1cccc(-n2nnc3c2C(=O)c2ccccc2C3=O)c1,7.193820026
O=C1c2ccccc2C(=O)c2c1nnn2-c1cccc([N+](=O)[O-])c1,7.552841969
N#Cc1ccc(-n2nnc3c2C(=O)c2ccccc2C3=O)cc1,7.180456064
O=C1c2ccccc2C(=O)c2c1nnn2-c1ccc([N+](=O)[O-])cc1,7.318758763
COC(=O)c1ccc(-n2nnc3c2C(=O)c2ccccc2C3=O)cc1,7.236572006
NS(=O)(=O)c1ccc(-n2nnc3c2C(=O)c2ccccc2C3=O)cc1,7.318758763
CN1CCN(c2ccc(-n3nnc4c3C(=O)c3ccccc3C4=O)cc2)CC1,5
O=C1c2ccccc2C(=O)c2c1nnn2-c1ccc(-c2nnn[nH]2)cc1,7.602059991
O=C1c2ccccc2C(=O)c2c1nnn2-c1ccc(F)c(Cl)c1,7.853871964
O=C1c2ccccc2C(=O)c2c1nnn2-c1ccc(C(F)(F)F)c(Cl)c1,7.602059991
O=C1c2ccccc2C(=O)c2c1nnn2-c1ccc(Cl)c(Cl)c1,7.744727495
O=C1c2ccccc2C(=O)c2c1nnn2-c1cc(Cl)c(F)c(Cl)c1,7.468521083
O=C1c2ccccc2C(=O)c2c1nnn2-c1ccc(Cl)c([N+](=O)[O-])c1,7.823908741
O=C1c2ccccc2C(=O)c2c1nnn2-c1ccc(Cl)c(F)c1,7.744727495
O=C1c2ccccc2C(=O)c2c1nnn2-c1ccc2[nH]cnc2c1,6.982966661
O=C1c2ccccc2C(=O)c2c1nnn2-c1ccc2[nH]ncc2c1,7.37675071
O=C1c2ccccc2C(=O)c2c1nnn2-c1ccc2ccncc2c1,7.468521083
O=C1c2ccccc2C(=O)c2c1nnn2-c1cccnc1,7.677780705
O=C1c2ccccc2C(=O)c2c1nnn2-c1cnc(Cl)c(Cl)c1,6.605548319
O=C1c2ccccc2C(=O)c2c1nnn2-c1ccc(Cl)nc1,7.602059991
O=C1c2cc(O)ccc2C(=O)c2c1nnn2-c1ccc(F)c(Cl)c1,6.76700389
COc1ccc2c(c1)C(=O)c1nnn(-c3ccc(F)c(Cl)c3)c1C2=O,6.978810701
O=C1c2cc(F)ccc2C(=O)c2c1nnn2-c1ccc(F)c(Cl)c1,7.501689446
O=C1c2ccc(O)cc2C(=O)c2c1nnn2-c1ccc(F)c(Cl)c1,6.415668776
COc1ccc2c(c1)C(=O)c1c(nnn1-c1ccc(F)c(Cl)c1)C2=O,5
O=C1c2ccc(F)cc2C(=O)c2c1nnn2-c1ccc(F)c(Cl)c1,8
O=[N+]([O-])c1ccc(N/C(Cc2ccc(Cl)c(Cl)c2)=N\O)c2nonc12,4.494850022
O=[N+]([O-])c1ccc(N/C(Cc2ccc(F)cc2F)=N\O)c2nonc12,4.721246399
O=[N+]([O-])c1ccc(N/C(Cc2ccc(F)c(F)c2)=N\O)c2nonc12,4.026872146
O=[N+]([O-])c1ccc(N/C(Cc2ccc(F)cc2)=N\O)c2nonc12,4.187086643
O=[N+]([O-])c1ccc(N/C(Cc2ccc(Br)cc2)=N\O)c2nonc12,4.366531544
O=[N+]([O-])c1ccc(N/C(Cc2ccc(Cl)cc2)=N\O)c2nonc12,4.292429824
O=[N+]([O-])c1ccc(N/C(Cc2ccccc2F)=N\O)c2nonc12,4.522878745
O=[N+]([O-])c1ccc(N/C(=N\O)c2ccc(F)c(Br)c2)c2nonc12,4.327902142
O=[N+]([O-])c1ccc(N/C(=N\O)c2ccc(Br)cc2)c2nonc12,4.301029996
O=[N+]([O-])c1ccc(N/C(=N\O)c2ccc(Cl)cc2)c2nonc12,4.397940009
O=[N+]([O-])c1ccc(N/C(=N\O)c2ccc(F)cc2)c2nonc12,4.677780705
O=[N+]([O-])c1ccc(N/C(=N\O)c2cccc(Br)c2)c2nonc12,4.698970004
O=[N+]([O-])c1ccc(N/C(=N\O)c2cccc(F)c2)c2nonc12,4.346787486
O=[N+]([O-])c1ccc(N/C(=N\O)c2ccccc2Br)c2nonc12,4.602059991
O=[N+]([O-])c1ccc(N/C(=N\O)c2ccccc2F)c2nonc12,3.958607315
COP(C)(=O)NCCCNc1nonc1/C(=N/O)Nc1ccc(F)c(Br)c1,5.585026652
c1ccc2c(-c3ccc4ccncc4c3)c[nH]c2c1,5.547446937
c1ccc2c(-c3ccc4cnccc4c3)c[nH]c2c1,5.602059991
c1ccc2c(-c3ccc4ncncc4c3)c[nH]c2c1,5.184754408
c1ccc2c(-c3ccc4cncnc4c3)c[nH]c2c1,4.964770444
O=C1NCC2C=CC(c3c[nH]c4ccccc34)=CC2N1,5.169732199
c1ccc2c(-c3ccc4n[nH]nc4c3)c[nH]c2c1,5.738340696
Nc1c(-c2c[nH]c3ccccc23)ccc2[nH]nnc12,5.590912631
Cn1nnc2ccc(-c3c[nH]c4ccccc34)c(N)c21,5.610833916
c1ccc2c(-c3cnc4[nH]nnc4c3)c[nH]c2c1,5.279014256
O=[N+]([O-])c1c(-c2c[nH]c3ccccc23)ccc2nn[nH]c12,6.031517051
Fc1ccc2c(-c3ccc4[nH]nnc4c3)c[nH]c2c1,6.251811973
FC(F)(F)Cn1nnc2cc(-c3c[nH]c4ccccc34)ccc21,5.1123827
FC(F)(F)Cn1nnc2ccc(-c3c[nH]c4ccccc34)cc21,5.98088371
c1ccc2c(-c3ccc4c(c3)nnn4CC3CC3)c[nH]c2c1,5.140261434
c1ccc2c(-c3ccc4nnn(CC5CC5)c4c3)c[nH]c2c1,5.698970004
NC(=O)Cn1nnc2cc(-c3c[nH]c4ccccc34)ccc21,4.684869683
NC(=O)Cn1nnc2ccc(-c3c[nH]c4ccccc34)cc21,4.735418271
O=C(O)Cn1nnc2cc(-c3c[nH]c4ccccc34)ccc21,3.759950228
O=C(O)Cn1nnc2ccc(-c3c[nH]c4ccccc34)cc21,3.98088371
CN(C)CCn1nnc2cc(-c3c[nH]c4ccccc34)ccc21,4.711862605
CN(C)CCn1nnc2ccc(-c3c[nH]c4ccccc34)cc21,4.882066165
c1ccc2c(-c3ccc4c(c3)nnn4CC3CCOC3)c[nH]c2c1,4.638649976
c1ccc2c(-c3ccc4nnn(CC5CCOC5)c4c3)c[nH]c2c1,4.952530425
c1ccc2c(-c3ccc4c(c3)nnn4CC3CCCO3)c[nH]c2c1,3.83878178
c1ccc2c(-c3ccc4nnn(CC5CCCO5)c4c3)c[nH]c2c1,4.966576245
c1ccc2c(-c3ccc4c(c3)nnn4CCN3CCOCC3)c[nH]c2c1,4.21349702
c1ccc2c(-c3ccc4nnn(CCN5CCOCC5)c4c3)c[nH]c2c1,4.567030709
c1ccc2c(-c3ccc4c(c3)nnn4CC3CCNCC3)c[nH]c2c1,4.595765133
c1ccc2c(-c3ccc4nnn(CC5CCNCC5)c4c3)c[nH]c2c1,4.875169851
c1ccc2c(-c3ccc4c(c3)nnn4CC3CCNC3)c[nH]c2c1,4.874193542
c1ccc2c(-c3ccc4nnn(CC5CCNC5)c4c3)c[nH]c2c1,4.624976871
c1ccc2c(-c3ccc4c(c3)nnn4CCN3CCNCC3)c[nH]c2c1,4.892111975
c1ccc2c(-c3ccc4nnn(CCN5CCNCC5)c4c3)c[nH]c2c1,4.634231312
Fc1ccc2c(-c3ccc4nnn(CCN5CCNCC5)c4c3)c[nH]c2c1,5.566230166
OCC(O)Cn1nnc2cc(-c3c[nH]c4ccccc34)ccc21,5.051831638
OCC(O)Cn1nnc2ccc(-c3c[nH]c4ccccc34)cc21,4.862171336
Cn1nnc2cc(-c3c[nH]c4ccccc34)ccc21,5.494850022
O=S(=O)(c1ccc(-c2c[nH]c3cc(F)ccc23)cn1)N1CCNCC1,5.494850022
Cl/N=C1/C=CC=C/C1=N/Cl,5.074172425
O=[N+]([O-])c1cc([N+](=O)[O-])c2cccnc2c1O,4.64454848
Oc1ccccc1-c1nc2c3ccccc3c3ccccc3c2[nH]1,4.911863911
O=[N+]([O-])c1cc(F)c2cccnc2c1O,4.519561853
NS(=O)(=O)c1ccc(/N=N/c2ccc(O)[nH]c2=O)cc1,4.804653942
COCCn1c2nc(=O)n(-c3ccccc3)c(=O)c-2nc2ccccc21,4.472112434
Cc1cc(=O)n2c3c(c4c(cc13)c(CN(C)C)cc(=O)n4C)OC2.Cl,4.75325529
CC1Oc2cc3c(-c4c(O)cc(O)c5c(O)c6c(cc45)OC(C)C(C)C6=O)c(O)cc(O)c3c(O)c2C(=O)C1C,4.313810766
Oc1ccc(/N=N/c2nccs2)c(O)c1,4.363712748
Nc1cccc2c([As](=O)(O)O)cccc12,4.421704695
O=[N+]([O-])/C=C/c1cc2ccccc2[nH]1,4
O=Cc1ccc(O)c2ncccc12,4
CC1=C(O)C(=O)C=C2C1=CC=C1[C@@]2(C)CC[C@@]2(C)[C@@H]3C[C@](C)(C(=O)O)CC[C@]3(C)CC[C@]12C,4
O=S(=O)(/N=C/c1c(O)ccc2ccccc12)c1cccs1,4.946537395
Oc1c(/N=N/c2nnn[nH]2)ccc2ccccc12,4.652669985
O=C1c2ccccc2C2=C3C(O)=NN=C3CCN12,5.361510743
O/N=C(\Nc1cccc(Br)c1)c1ccc(Cl)nc1,5.90274269
O/N=C(\Nc1ccc(F)c(Cl)c1)c1cnc(Cl)s1,5.638649976
O/N=C(\Nc1cccc(Br)c1)c1ccc(Cl)s1,5.636200055
Cc1ccc(/C(=N/O)Nc2cccc(Br)c2)s1,5.234256959
O=C(NCc1csc(/C(=N/O)Nc2cccc(Br)c2)c1)Nc1ccc(F)cc1,5.620694482
O=[N+]([O-])c1ccccc1CNc1cccc2[nH]ncc12,4.770830297
O=[N+]([O-])c1ccccc1CNc1cc(Br)cc2[nH]ncc12,4.409492538
O=[N+]([O-])c1ccccc1CNc1cc(C(F)(F)F)cc2[nH]ncc12,5.59345982
CC(C)n1ncc2c(NCc3ccccc3[N+](=O)[O-])cc(C(F)(F)F)cc21,4
NCCn1ncc2c(NCc3ccccc3[N+](=O)[O-])cc(C(F)(F)F)cc21,4
N#Cc1cc(NCc2ccccc2[N+](=O)[O-])c2cn[nH]c2c1,4
COC(=O)c1cc(NCc2ccccc2[N+](=O)[O-])c2cn[nH]c2c1,4
O=[N+]([O-])c1ccccc1CNc1cc(Br)cc2cn[nH]c12,4
O=C1NCc2c(NCc3ccccc3[N+](=O)[O-])cccc21,4
O=C1NC(=O)c2c(NCc3ccccc3[N+](=O)[O-])cccc21,4
Oc1ccc(CNc2cc(C(F)(F)F)cc3[nH]ncc23)cc1,5.59345982
FC(F)(F)c1cc(NCc2cccc(Br)c2)c2cn[nH]c2c1,4.719194072
FC(F)(F)c1cccc(CNc2cc(C(F)(F)F)cc3[nH]ncc23)c1,4.913640169
O=C(O)c1cccc(CNc2cc(C(F)(F)F)cc3[nH]ncc23)c1,5.772113295
CNC(=O)c1cccc(CNc2cc(C(F)(F)F)cc3[nH]ncc23)c1,5.312471039
Nc1cccc(CNc2cc(C(F)(F)F)cc3[nH]ncc23)c1,5.600326279
O=C(O)CNc1cccc(CNc2cc(C(F)(F)F)cc3[nH]ncc23)c1,4
FC(F)(F)c1cc(NCc2cccc3sccc23)c2cn[nH]c2c1,4
O=[N+]([O-])c1ccc2[nH]c(CNc3cc(C(F)(F)F)cc4[nH]ncc34)cc2c1,4
OC1CCCC(Nc2cccc(CNc3cc(C(F)(F)F)cc4[nH]ncc34)c2)C1,4
Oc1ccc(CNc2cc(C(F)(F)F)cc3[nH]ncc23)c(Cl)c1,5.571865206
FC(F)(F)c1cc(NC[C@H]2CCCN2)c2cn[nH]c2c1,5.215382707
FC(F)(F)c1cc(NC[C@H]2CCCCN2)c2cn[nH]c2c1,6.337242168
FC(F)(F)c1cc(NC[C@@H]2CCCCN2)c2cn[nH]c2c1,5.09420412
FC(F)(F)c1cc(NCC2CNC2)c2cn[nH]c2c1,4
O=[N+]([O-])c1cccc(CNc2cc(C(F)(F)F)cc3[nH]ncc23)c1,5.286509457
O=[N+]([O-])c1ccc(CNc2cc(C(F)(F)F)cc3[nH]ncc23)cc1,4
Cc1ccc(CNc2cc(C(F)(F)F)cc3[nH]ncc23)c([N+](=O)O)c1,6.468521083
CS(=O)(=O)c1ccc(CNc2cc(C(F)(F)F)cc3[nH]ncc23)c([N+](=O)O)c1,6.102372909
O=[N+](O)c1c(Cl)cccc1CNc1cc(C(F)(F)F)cc2[nH]ncc12,6.769551079
O=[N+]([O-])c1ccc(Cl)cc1CNc1cc(C(F)(F)F)cc2[nH]ncc12,5.496209317
O=[N+]([O-])c1cc(Cl)ccc1CNc1cc(C(F)(F)F)cc2[nH]ncc12,5.769551079
O=[N+]([O-])c1cc(Br)c(F)cc1CNc1cc(C(F)(F)F)cc2[nH]ncc12,5.835647144
O=[N+]([O-])c1cc(OCc2ccccc2)ccc1CNc1cc(C(F)(F)F)cc2[nH]ncc12,4.013407393
O=[N+]([O-])c1cccc(CNc2cc(Br)cc3[nH]ncc23)c1,5.795880017
O=[N+]([O-])c1ccc(CNc2cc(Br)cc3[nH]ncc23)cc1,5.651695137
O=[N+]([O-])c1ccc(O)cc1CNc1cc(Br)cc2[nH]ncc12,6.337242168
COc1cc(CNc2cc(Br)cc3[nH]ncc23)c([N+](=O)[O-])cc1OC,5.982966661
O[C@@H]1c2ccnn2CC[C@H]1[C@H]1c2ccccc2-c2cncn21,6.886056648
NC(=O)Nc1ccc(-c2c[nH]c3cc(F)ccc23)cc1,7.197226275
O[C@H](c1cc(Cl)cc2cncn12)C1CCCCC1,7.714442691
c1ccc2c(c1)[nH]c1cnccc12,5.920818754
Cc1nccc2c1[nH]c1ccccc12,5.199970641
c1ccc(-c2nccc3c2[nH]c2ccccc23)cc1,5.140261434
Fc1cccc(-c2nccc3c2[nH]c2ccccc23)c1,4.961777362
Clc1cccc(-c2nccc3c2[nH]c2ccccc23)c1,4.873219423
Clc1ccc(-c2nccc3c2[nH]c2ccccc23)cc1,5.081445469
Brc1cccc(-c2nccc3c2[nH]c2ccccc23)c1,4.692717953
FC(F)(F)c1cccc(-c2nccc3c2[nH]c2ccccc23)c1,5.268411235
N#Cc1cccc(-c2nccc3c2[nH]c2ccccc23)c1,4.814457845
N#Cc1ccc(-c2nccc3c2[nH]c2ccccc23)cc1,4.921543182
c1cncc(-c2nccc3c2[nH]c2ccccc23)c1,5.669586227
c1ccc2c(c1)[nH]c1c(-c3ccoc3)nccc12,5.943095149
c1csc(-c2nccc3c2[nH]c2ccccc23)c1,4.964970718
c1ccc2c(c1)[nH]c1c(-c3ccsc3)nccc12,6.091514981
c1ccc2c(c1)[nH]c1c(-c3c[nH]cn3)nccc12,5.93930216
c1ccc2c(c1)[nH]c1c(-c3cnn[nH]3)nccc12,4.709742731
c1ccc2c(-c3ccc4nonc4c3)c[nH]c2c1,5.763085036
c1ccc2c(-c3ccc4nsnc4c3)c[nH]c2c1,5.805624433
c1ccc2c(-c3cnc4nsnc4c3)c[nH]c2c1,5.621420424
c1ccc2c(-c3ccc4n[se]nc4c3)c[nH]c2c1,5.887060024
c1ccc2c(-c3cnc4n[se]nc4c3)c[nH]c2c1,5.631620128
C[C@H]1COC2=C1C(=O)C(=O)c1c2ccc2c1CCCC2(C)C,5.008773924
Cc1coc2c1C(=O)C(=O)c1c-2ccc2c1CCCC2(C)C,5
Cc1coc2c1C(=O)C(=O)c1c-2ccc2c1CC[C@H](O)C2(C)C,5.197226275
CC1(C)c2ccc3c(c2CC[C@@H]1O)C(=O)C(=O)c1c(CO)coc1-3,6.008773924
C[C@@H](CO)C1=C(O)C(=O)c2c(ccc3c2CCCC3(C)C)C1=O,5
C[C@@H](C=O)C1=C(O)C(=O)c2c(ccc3c2CCCC3(C)C)C1=O,5
Cc1c[nH]c2c1C(=O)C(=O)c1c-2ccc2c1CCCC2(C)C,5
CC(=O)Oc1c(OC(C)=O)c2c(C)coc2c2ccc3c(c12)CCCC3(C)C,5
CC1(C)CCCc2c1ccc1c2C(=O)C(=O)c2c(CO)coc2-1,5.418505458
Cc1coc2c1c(=O)oc(=O)c1c3c(ccc12)C(C)(C)CCC3,5
Cc1c(Br)oc2c1C(=O)C(=O)c1c-2ccc2c1CCCC2(C)C,5
Cc1coc2c1C(=O)C(=O)c1c-2ccc2c1C(Br)CCC2(C)C,5.356054087
Cc1coc2c1C(=O)C(=O)c1c-2ccc2c1C=CCC2(C)C,5
Cc1coc2c1C(=O)C(=O)c1c-2ccc2c1C(=O)C(O)CC2(C)C,5.241088108
Cc1coc2c1C(=O)C(=O)c1c-2ccc2c1C(=O)C(O)=CC2(C)C,5.259242677
CC1(C)C(=O)C=Cc2c1ccc1c2C(=O)C(=O)c2c(CO)coc2-1,6.029188389
Cc1coc2c1C(=O)C(=O)c1c-2ccc2c1C=CC(=O)C2(C)C,5.261219442
CC1(C)C(=O)C=Cc2c1ccc1c2C(=O)C(=O)c2c(C=O)coc2-1,5
CC1(C)C(=O)C=Cc2c1ccc1c2C(=O)C(=O)c2c(C(=O)O)coc2-1,5
COC(=O)c1coc2c1C(=O)C(=O)c1c-2ccc2c1C=CC(=O)C2(C)C,5
CCN(CC)C(=O)c1coc2c1C(=O)C(=O)c1c-2ccc2c1C=CC(=O)C2(C)C,5.010105436
CC1(C)C(=O)C=Cc2c1ccc1c2C(=O)C(=O)c2c(CF)coc2-1,6.187086643
CC1(C)C(=O)C=Cc2c1ccc1c2C(=O)C(=O)c2c(CCl)coc2-1,6.647817482
CC(=O)OCc1coc2c1C(=O)C(=O)c1c-2ccc2c1C=CC(=O)C2(C)C,5.993533958
CC(=O)OCc1coc2c1C(=O)C(=O)c1c-2ccc2c1CC[C@H](O)C2(C)C,5.649751982
CC(=O)OCc1coc2c1C(=O)C(=O)c1c-2ccc2c1CCC(=O)C2(C)C,6.116338565
CC1(C)C(=O)CCc2c1ccc1c2C(=O)C(=O)c2c(CO)coc2-1,5.778585762
CC(=O)O[C@H]1CCc2c(ccc3c2C(=O)C(=O)c2c(C)coc2-3)C1(C)C,5.799970733
CC(=O)O[C@H]1CCc2c(ccc3c2C(=O)C(=O)c2c(CO)coc2-3)C1(C)C,5.726998728
Cc1coc2c1C(=O)C(=O)c1c-2ccc2c1CC[C@H](OS(C)(=O)=O)C2(C)C,5.251424383
Cc1coc2c1C(=O)C(=O)c1c-2ccc2c1CCC(=O)C2(C)C,5.262012674
C[C@@H](NC(=O)c1ccc(F)cc1)c1ccc2c(c1)CCN2C(=O)C1CCOCC1,4.698970004
CC1(C)CN(c2cc(Br)cc3[nH]ncc23)CCN1S(C)(=O)=O,6.346787486
Nc1cc(Br)cc2[nH]ncc12,5.811071516
Oc1ccc(CNc2cc(Br)cc3[nH]ncc23)cc1,5.711080394
OCC(Nc1cc(Br)cc2[nH]ncc12)c1ccccc1,6.48148606
OCC(Nc1cc(Br)cc2[nH]ncc12)c1cccc(Cl)c1,5.690369833
OC(CNc1cc(Br)cc2[nH]ncc12)c1cccc(Cl)c1,5.4710833
O=C(CNc1cc(Br)cc2[nH]ncc12)c1ccc(O)cc1,3.830619505
O/N=C(\CNc1cc(Br)cc2[nH]ncc12)c1ccc(O)cc1,4.890759031
OCC(Nc1cc(Br)cc2[nH]ncc12)C1CCCCC1,3.522878745
OC(CNc1cc(Br)cc2[nH]ncc12)C1CCCCC1,3.522878745
Brc1cc(NC[C@@H]2CCCN2)c2cn[nH]c2c1,5.379863945
Brc1cc(NC[C@H]2CCCN2)c2cn[nH]c2c1,5.127843727
Brc1cc(NC[C@@H]2CCCCN2)c2cn[nH]c2c1,5.217527376
Brc1cc(NC[C@H]2CCCCN2)c2cn[nH]c2c1,5.744727495
Brc1cc(NCC2CCNC2)c2cn[nH]c2c1,4.981299501
Brc1cc(NCC2CNC2)c2cn[nH]c2c1,4.34804393
CC(C)(C)OC(=O)N1CCC(CNc2cc(Br)cc3[nH]ncc23)C1,5.866461092
Brc1cc(NCc2ccccn2)c2cn[nH]c2c1,5.507239611
Brc1cc(NCC2CCCCC2)c2cn[nH]c2c1,6.065501549
ON=C1CCC(CNc2cc(Br)cc3[nH]ncc23)CC1,6.346787486
OC1CCCCC1CNc1cc(Br)cc2[nH]ncc12,6.920818754
Brc1cc(NCC2CCCCC23OCCO3)c2cn[nH]c2c1,5.690369833
O[C@H]1CCCC[C@@H]1CNc1cc(Br)cc2[nH]ncc12,7.045757491
O[C@@H]1CCCC[C@H]1CNc1cc(Br)cc2[nH]ncc12,7.397940009
O[C@H]1CCCC[C@@H]1NCc1cc(Br)cc2[nH]ncc12,3.522878745
O[C@@H]1CCCC[C@H]1NCc1cc(Br)cc2[nH]ncc12,3.522878745
O=C(N[C@@H]1CCCC[C@H]1O)c1cc(Br)cc2[nH]ncc12,4.233512794
Cn1ncc2c(NC[C@@H]3CCCC[C@H]3O)cc(Br)cc21,4.478338985
O[C@@H]1CCCC[C@H]1CNc1cc(Br)cc2cn[nH]c12,4.407157317
O[C@@H]1CCCC[C@H]1CNc1cc(Cl)cc2cn[nH]c12,4.07473949
O[C@@H]1CCCC[C@H]1CNc1cc(Cl)cc2[nH]ncc12,6.886056648
Cc1cc(NC[C@@H]2CCCC[C@H]2O)c2cn[nH]c2c1,6.387216143
O[C@@H]1CCCC[C@H]1CNc1cc(C(F)(F)F)cc2[nH]ncc12,6.397940009
COC(=O)c1cc(NC[C@@H]2CCCC[C@H]2O)c2cn[nH]c2c1,4.89997427
O=C(O)c1cc(NC[C@@H]2CCCC[C@H]2O)c2cn[nH]c2c1,4.568314655
Nc1cc(NC[C@@H]2CCCC[C@H]2O)c2cn[nH]c2c1,3.522878745
O[C@@H]1CCCC[C@H]1CNc1c(Br)ccc2[nH]ncc12,4.949233689
O[C@@H]1CCCC[C@H]1CNc1c(Br)cc(Br)c2[nH]ncc12,3.522878745
CC(=O)O[C@@H]1CCCC[C@H]1CNc1cc(Br)cc2[nH]ncc12,6.721246399
N[C@@H]1CCCC[C@H]1CNc1cc(Br)cc2[nH]ncc12,6.443697499
N[C@H]1CCCC[C@H]1CNc1cc(Br)cc2[nH]ncc12,6.040958608
Cl[C@H]1CCCC[C@H]1CNc1cc(Br)cc2[nH]ncc12,6.657577319
Cl[C@@H]1CCCC[C@@H]1CNc1cc(Br)cc2[nH]ncc12,4.173925197
O[C@@H](c1cn2cncc2cc1Cl)C1CCCCC1,7.537602002
Cn1cc(-c2ccc(NC(N)=O)cc2)c2ccc(F)cc21,7.107905397
CC1=C(CC(=O)c2sccc2Br)C(=O)c2ccccc2C1=O,8.465973894
COc1ccccc1C(=O)CC(=O)c1ccc(C)cc1O,4.68613278
Cc1ccc(C(=O)CC(=O)c2ccccc2OC(C)C)c(O)c1,4.966576245
Cc1ccc(NC(=O)Nc2cc(-c3ccccc3-c3nnn[nH]3)ccc2N(CC(C)C)CC(C)C)cc1,5.124938737
COc1ccc(-c2ccc(Oc3ccccc3C(C)(C)C)c(NC(=O)Nc3ccccc3F)c2)cc1C(=O)O,5.124938737
C=C[C@H]1Oc2c(NC(=O)Nc3ccc(C)cc3)cc(-c3ccccc3-c3nn[nH]n3)cc2[C@@H]1c1ccccc1,5.124938737
C=CC1(C=C)Oc2c(NC(=O)Nc3ccc(C)cc3)cc(-c3ccccc3-c3nn[nH]n3)cc2[C@@H]1c1ccccc1,5.124938737
Cc1ccc(NC(=O)Nc2cc(-c3ccccc3-c3nc(=O)[nH]o3)cc3c2OCCCC3c2ccccc2)cc1,5.22184875
Cc1ccc(NC(=O)Nc2cc(-c3ccccc3-c3nn[nH]n3)cc3c2OCCCC3c2ccccc2)cc1,5.22184875
